signal_date,observation_date,available_date,dom_econ_score,dom_curncy_score,dom_credit_score,dom_expectation_score,dom_inflation_score,dom_fx_score,global_curncy_score,global_inflation_score,dollar_cycle_score,fin_risk_score,global_econ_score,dom_econ_signal,dom_curncy_signal,dom_credit_signal,dom_expectation_signal,dom_inflation_signal,dom_fx_signal,global_econ_signal,global_curncy_signal,global_inflation_signal,dollar_cycle_signal,fin_risk_signal,ar_signal
2017-04-30,2017-04-30,2017-04-30,-0.1769929980299407,0.09228496721832898,1.1856383953563971,-0.33936004598735925,0.3680879731655573,0.09228496721832898,0.2256921766450255,0.4673662334141721,-0.4081304604790711,-1.4346445936835015,1.3775201278373093,-1.0,1.0,1.0,-1.0,1.0,1.0,1.0,1.0,1.0,-1.0,-1.0,-1.0
2017-05-31,2017-05-31,2017-05-31,-0.226457169990251,0.9286648322828847,-0.20158791037424467,0.002023162894992039,-0.1854640703103985,0.9286648322828847,0.27760062692440024,0.20916923957525482,-1.3033486039522448,-1.5085471196633928,0.08150540661008088,-1.0,1.0,-1.0,1.0,-1.0,1.0,1.0,1.0,1.0,-1.0,-1.0,1.0
2017-06-30,2017-06-30,2017-06-30,0.39326802374221703,1.3142331205801492,-1.296767704331009,0.3489746905857189,-0.6027775701332035,1.3142331205801492,0.49218299026899814,-0.25346077831953934,-1.2953399887401296,-1.5522689597853758,0.3246228878442823,1.0,1.0,-1.0,1.0,-1.0,1.0,1.0,1.0,-1.0,-1.0,-1.0,1.0
2017-07-31,2017-07-31,2017-07-31,0.2714008298552423,1.2902661848425998,-1.0143174137876727,0.5803293117255116,-0.06495800295494651,1.2902661848425998,0.12533224096648746,0.20066707367930425,-1.2996898489055524,-1.6296620417823706,0.39135636326197876,1.0,1.0,-1.0,1.0,-1.0,1.0,1.0,1.0,1.0,-1.0,-1.0,1.0
2017-08-31,2017-08-31,2017-08-31,0.408596760118399,1.3029318180087957,-1.5768325938421306,0.6782308061826696,-0.3875094257150206,1.3029318180087957,0.3557091786754009,-0.1093994923977335,-1.4980493521095462,-1.7307794699989172,0.25971412866907195,1.0,1.0,-1.0,1.0,-1.0,1.0,1.0,1.0,-1.0,-1.0,-1.0,1.0
2017-09-30,2017-09-30,2017-09-30,0.375774067007955,1.3526463263131616,-1.7566005723303342,0.14697009617513035,0.307589152015188,1.3526463263131616,-0.17334769568758499,0.5115514807132696,-1.6329873905364283,-1.7751798087912836,0.4519789077792645,1.0,1.0,-1.0,1.0,1.0,1.0,1.0,-1.0,1.0,-1.0,-1.0,-1.0
2017-10-31,2017-10-31,2017-10-31,0.6299520374452431,1.021869772124198,-1.8318189984763789,0.21691308576350893,0.719231780268929,1.021869772124198,-0.07193553714757624,0.8484618827008922,-1.193347372267818,-1.7958630423242512,0.9693008882840181,1.0,1.0,-1.0,1.0,1.0,1.0,1.0,-1.0,1.0,-1.0,-1.0,1.0
2017-11-30,2017-11-30,2017-11-30,0.45354935558267045,0.061089391475543924,-1.2232680393935789,-0.2683236192198838,0.9757609188584421,0.061089391475543924,-0.5099028281202065,1.1361867029534995,-1.0724243105155011,-1.3078024891300501,1.086539760801901,1.0,1.0,-1.0,-1.0,1.0,1.0,1.0,-1.0,1.0,-1.0,-1.0,1.0
2017-12-31,2017-12-31,2017-12-31,0.3002055944788996,1.3733664360735685,-1.3348241045585365,0.005635465881137293,1.1462587053046656,1.3733664360735685,0.21354863346161967,1.123241802839695,-0.9895959632281357,-1.3909245291945942,1.0514988663367069,1.0,1.0,-1.0,1.0,1.0,1.0,1.0,1.0,1.0,-1.0,-1.0,1.0
2018-01-31,2018-01-31,2018-01-31,0.5476596298137907,1.510886461422047,-1.7521658079510134,0.08539248389397702,1.0847933023228848,1.510886461422047,-0.3709885429445662,1.1228283239297596,-1.030534793353277,-0.2710194509204353,0.901553684391373,1.0,1.0,-1.0,1.0,1.0,1.0,1.0,-1.0,1.0,-1.0,-1.0,1.0
2018-02-28,2018-02-28,2018-02-28,-0.015926683841216722,1.8513991006418016,-1.8334935343541081,-0.00738817082514435,1.3541960828932966,1.8513991006418016,-1.0382364571404468,1.1899262775159032,-0.6793400079481857,1.7507510436489218,0.43425436064376316,-1.0,1.0,-1.0,-1.0,1.0,1.0,1.0,-1.0,1.0,-1.0,1.0,-1.0
2018-03-31,2018-03-31,2018-03-31,0.015529267569507895,2.0788968023239516,-1.949860017196681,0.10148535068429451,1.0891617355727463,2.0788968023239516,-0.8537635283293832,1.3781853463828686,-0.8428640762457208,1.704900610790898,-0.16581292315504742,1.0,1.0,-1.0,1.0,1.0,1.0,-1.0,-1.0,1.0,-1.0,1.0,1.0
2018-04-30,2018-04-30,2018-04-30,-0.427223057997843,0.015907372428381864,-1.9475629448772385,-0.5423842209216452,1.098386320442448,0.015907372428381864,-0.6126683259146092,1.367339234941133,-0.7778322030650467,0.512522092726638,-0.556583606594041,-1.0,1.0,-1.0,-1.0,1.0,1.0,-1.0,-1.0,1.0,-1.0,1.0,-1.0
2018-05-31,2018-05-31,2018-05-31,-0.44409628109549987,-0.7186538277745206,-1.9082794537204157,-0.43230991252261997,0.8909475258650955,-0.7186538277745206,0.26648255147853245,1.0796572873761363,-0.03866537771338368,0.35219329855058806,-0.4696782615897984,-1.0,-1.0,-1.0,-1.0,1.0,-1.0,-1.0,1.0,1.0,-1.0,1.0,1.0
2018-06-30,2018-06-30,2018-06-30,-1.0525906065751507,-1.7127656186406577,-0.7135382725633526,-1.4383820917275827,1.27500913071206,-1.7127656186406577,-0.14545954498535096,1.2894270924061602,0.2678292645445656,0.5762978757787152,-0.7319580146392846,-1.0,-1.0,-1.0,-1.0,1.0,-1.0,-1.0,-1.0,1.0,1.0,1.0,-1.0
2018-07-31,2018-07-31,2018-07-31,-1.4415751361058335,-1.7344815978440309,0.8601142039479464,-1.287920474322435,1.0333114892782118,-1.7344815978440309,-0.07598725231915839,0.7635488786283339,0.8517402426488625,-0.6024071561645097,-0.7902861118781338,-1.0,-1.0,1.0,-1.0,1.0,-1.0,-1.0,-1.0,1.0,1.0,-1.0,1.0
2018-08-31,2018-08-31,2018-08-31,-1.341195164600244,-2.025659701706023,1.3072139676131067,-1.5961502966121426,1.2881214833042167,-2.025659701706023,-0.23474025735868098,1.0703935904867266,0.6532347939934559,-0.5679910648521735,-0.13530421099602877,-1.0,-1.0,1.0,-1.0,1.0,-1.0,-1.0,-1.0,1.0,1.0,-1.0,-1.0
2018-09-30,2018-09-30,2018-09-30,-1.1968985604249958,-1.6438155803717958,1.3070959165784475,-0.7693221590792478,1.292356092142242,-1.6438155803717958,-0.9220837065983175,1.044760056937823,0.7329459139588075,-0.850033907104414,0.6428558584831617,-1.0,-1.0,1.0,-1.0,1.0,-1.0,1.0,-1.0,1.0,1.0,-1.0,1.0
2018-10-31,2018-10-31,2018-10-31,-1.3401128906821316,-0.8982208364150153,1.3453565411284938,-0.6058971921902275,0.6099026351362243,-0.8982208364150153,-1.1921640548624604,0.3724482219644152,0.7388433917646064,1.9224547527476394,-0.5505828081402715,-1.0,-1.0,1.0,-1.0,1.0,-1.0,-1.0,-1.0,1.0,1.0,1.0,-1.0
2018-11-30,2018-11-30,2018-11-30,-1.2422411475977553,-0.4401209894661432,1.1861742445508434,0.04135398587466577,-0.32313195652416377,-0.4401209894661432,-1.0846831636782954,-0.530853748073397,0.31088839500860516,1.129807146590638,-0.5024856434830294,-1.0,-1.0,1.0,1.0,-1.0,-1.0,-1.0,-1.0,-1.0,1.0,1.0,1.0
2018-12-31,2018-12-31,2018-12-31,-0.9695722303880391,0.271107328652553,0.27407486286845256,0.18744454713264713,-1.4079199082804144,0.271107328652553,0.5244149720665705,-1.3162679101394021,-0.05131958455591442,1.8790167651156462,-1.8085969328151241,-1.0,1.0,1.0,1.0,-1.0,1.0,-1.0,1.0,-1.0,-1.0,1.0,1.0
2019-01-31,2019-01-31,2019-01-31,-0.5007573976640024,2.221538556300228,-0.6658504317140335,0.47023428965310554,-0.7664198367253527,2.221538556300228,1.1336277528886414,-0.4675899192875474,-0.14538020796373374,0.6520378368294919,-1.2554287990289585,-1.0,1.0,-1.0,1.0,-1.0,1.0,-1.0,1.0,-1.0,-1.0,1.0,1.0
2019-02-28,2019-02-28,2019-02-28,0.3805775602218691,2.137938221239758,-0.937914253681286,1.1872260444371465,-0.7211381336845797,2.137938221239758,0.5391306424239514,-0.37165381468608344,-0.1745544924229663,0.087125195653922,-0.7629686881191446,1.0,1.0,-1.0,1.0,-1.0,1.0,-1.0,1.0,-1.0,-1.0,1.0,1.0
2019-03-31,2019-03-31,2019-03-31,0.47194684375371865,1.4294625604759659,-0.5923708942987691,1.0660837019573304,-0.6961375000462862,1.4294625604759659,0.5057184058615128,-0.391642672842112,0.031481886055266556,-0.2803211701630492,-0.8113662358453125,1.0,1.0,-1.0,1.0,-1.0,1.0,-1.0,1.0,-1.0,1.0,-1.0,1.0
2019-04-30,2019-04-30,2019-04-30,0.9074578687132104,0.05292017412367389,-0.5358567178207133,0.643684664368062,0.09335867747587015,0.05292017412367389,0.051839224391160434,0.3140689509108561,-0.32354301976569233,-0.49380190329538115,0.6566437768417179,1.0,1.0,-1.0,1.0,1.0,1.0,1.0,1.0,1.0,-1.0,-1.0,1.0
2019-05-31,2019-05-31,2019-05-31,0.36316329649586016,-1.3810457065136337,0.43853936863458026,-0.3246409696506354,0.31926011491604656,-1.3810457065136337,1.4587828378275516,0.5989137522716157,-0.3010233741077711,1.2038856577680417,-0.8716913504767436,1.0,-1.0,1.0,-1.0,1.0,-1.0,-1.0,1.0,1.0,-1.0,1.0,1.0
2019-06-30,2019-06-30,2019-06-30,0.935031340139251,-0.9134402130628664,0.46185668503362537,-0.4616443007177698,0.9048217944629905,-0.9134402130628664,0.700081585046636,1.3105538473593221,-0.4056342311450863,0.12754297691350766,0.5534282682739756,1.0,-1.0,1.0,-1.0,1.0,-1.0,1.0,1.0,1.0,-1.0,1.0,1.0
2019-07-31,2019-07-31,2019-07-31,0.41180933076170456,-0.8439991394739228,0.9984073801780605,-0.40576478363231216,0.4046257862508608,-0.8439991394739228,1.108372593255518,0.6818417111086388,0.18130081786240643,0.4630437881730486,0.11466374766996823,1.0,-1.0,1.0,-1.0,1.0,-1.0,1.0,1.0,1.0,1.0,1.0,1.0
2019-08-31,2019-08-31,2019-08-31,-0.2927226485332248,-1.4169057788664925,1.4643299732756985,-0.19691558822462552,-0.2758294740960306,-1.4169057788664925,1.4859474881688746,0.2907004083542293,0.14526546988709138,1.230216218744435,-0.635736393556831,-1.0,-1.0,1.0,-1.0,-1.0,-1.0,-1.0,1.0,1.0,1.0,1.0,-1.0
2019-09-30,2019-09-30,2019-09-30,-0.4843335247201851,-1.6252291328679749,1.5803753764694668,-0.37531268107475135,-0.40194873622137506,-1.6252291328679749,1.1032623841052716,0.07714255054051834,0.026509985410139728,0.4606518473445087,-0.6219187776761009,-1.0,-1.0,1.0,-1.0,-1.0,-1.0,-1.0,1.0,1.0,1.0,1.0,-1.0
2019-10-31,2019-10-31,2019-10-31,-0.37052985543082034,-0.8373103594939052,1.2477807643880248,-0.11854831131268595,-0.7490986371775554,-0.8373103594939052,0.8509932812302368,-0.1755439902251347,-0.394003214579465,-0.5496630761104033,-0.977953862939277,-1.0,-1.0,1.0,-1.0,-1.0,-1.0,-1.0,1.0,-1.0,-1.0,-1.0,-1.0
2019-11-30,2019-11-30,2019-11-30,0.08227652884816884,1.076758088231363,0.22768048746064878,-0.36268803540601907,0.20828785629151378,1.076758088231363,-1.088319622141942,0.6093731612197912,-0.23702387998585972,-0.7719212893896578,0.4469826179836265,1.0,1.0,1.0,-1.0,1.0,1.0,1.0,-1.0,1.0,-1.0,-1.0,-1.0
2019-12-31,2019-12-31,2019-12-31,0.1561655940668135,1.3871981407643823,0.2820913023041675,0.23400015333034935,0.39988767901912753,1.3871981407643823,-1.1389739650248751,0.6491256803749883,-0.2592824868151577,-0.31949143067805,0.49537102670681177,1.0,1.0,1.0,1.0,1.0,1.0,1.0,-1.0,1.0,-1.0,-1.0,-1.0
2020-01-31,2020-01-31,2020-01-31,-0.3374005824121619,1.07087998396215,0.4584400194983821,-0.7247931970916791,-0.46604598444844425,1.07087998396215,0.48239874190216253,-0.07312148550015503,-0.5404351762950717,1.232716419222088,-0.16275847390410136,-1.0,1.0,1.0,-1.0,-1.0,1.0,-1.0,1.0,-1.0,-1.0,1.0,1.0
2020-02-29,2020-02-29,2020-02-29,0.2358103732916669,0.46242014671454523,-0.7930038127639408,1.020869770679238,-0.5324100316923879,0.46242014671454523,1.615261420384881,-0.5124650252513546,-0.4363179483923126,2.3769032249744457,-0.2755547610115263,1.0,1.0,-1.0,1.0,-1.0,1.0,-1.0,1.0,-1.0,-1.0,1.0,-1.0
2020-03-31,2020-03-31,2020-03-31,-0.2444474356172518,-0.37383518067769417,-1.2667266303131302,0.8725209483803035,-1.7448533871587724,-0.37383518067769417,1.595098739443429,-1.9314556765868593,-0.2887524230323517,2.401992381067938,-1.8691232280906156,-1.0,-1.0,-1.0,1.0,-1.0,-1.0,-1.0,1.0,-1.0,-1.0,1.0,1.0
2020-04-30,2020-04-30,2020-04-30,-0.15289474817148252,-0.5585274193940645,-1.0687269715548773,1.2593299579830228,-1.7938700267785856,-0.5585274193940645,1.6675423236472076,-2.265445173058033,0.2951017562705001,2.688583202652563,-1.530750222337359,-1.0,-1.0,-1.0,1.0,-1.0,-1.0,-1.0,1.0,-1.0,1.0,1.0,1.0
2020-05-31,2020-05-31,2020-05-31,0.044713714983692435,-0.5766096931184671,0.0687708394800589,-0.4632432309820912,-2.3261216593596914,-0.5766096931184671,0.7374681618348483,-2.3261833996037096,-0.11992920043413785,2.3483556986572562,-1.534353067980597,1.0,-1.0,1.0,-1.0,-1.0,-1.0,-1.0,1.0,-1.0,-1.0,1.0,1.0
2020-06-30,2020-06-30,2020-06-30,0.10387824572778473,0.4200420955000668,0.09677617257429717,-0.10614595044470343,-3.465870821871518,0.4200420955000668,-0.3689053228803123,-3.543895833241209,0.18582086140011128,2.5723501187737425,-1.3549636536527132,1.0,1.0,1.0,-1.0,-1.0,1.0,-1.0,-1.0,-1.0,1.0,1.0,1.0
2020-07-31,2020-07-31,2020-07-31,1.4832333275088347,0.659298776046261,-0.20679171401733504,1.339890258566972,-3.718499094319109,0.659298776046261,0.22190254899746087,-3.4244280183071467,-1.2873920591328452,1.670595887371989,-0.37160309053096313,1.0,1.0,-1.0,1.0,-1.0,1.0,-1.0,1.0,-1.0,-1.0,1.0,1.0
2020-08-31,2020-08-31,2020-08-31,1.4366509037971789,1.9816621459541368,-0.4742717588304983,1.4984647203327468,-2.8547139134300936,1.9816621459541368,-0.44944544745599624,-2.5636947240015906,-1.8472933653162422,1.8930667431328798,0.8029521864753428,1.0,1.0,-1.0,1.0,-1.0,1.0,1.0,-1.0,-1.0,-1.0,1.0,-1.0
2020-09-30,2020-09-30,2020-09-30,1.5315798989202831,1.9541485556802023,-0.31115374502356674,0.9168887168869131,-0.5567223686664461,1.9541485556802023,-0.342257564103693,-0.14358106271752658,-1.5349580738030073,1.8480970997169257,1.47663171024452,1.0,1.0,-1.0,1.0,-1.0,1.0,1.0,-1.0,-1.0,-1.0,1.0,1.0
2020-10-31,2020-10-31,2020-10-31,1.566941361064154,1.9300028047118105,-0.7040459526478317,0.8010267177215238,0.9731392584836065,1.9300028047118105,-1.798281076857447,1.1649172412237923,-1.4261186438288753,2.585318765289297,1.35273658286542,1.0,1.0,-1.0,1.0,1.0,1.0,1.0,-1.0,1.0,-1.0,1.0,1.0
2020-11-30,2020-11-30,2020-11-30,1.5830172403762721,1.8085667463826836,-1.7854830709443115,0.6364899211071556,0.8939397839616793,1.8085667463826836,-0.4796209911834697,0.9562094991472647,-1.7966473873742475,0.8369612186897576,2.093727196200147,1.0,1.0,-1.0,1.0,1.0,1.0,1.0,-1.0,1.0,-1.0,1.0,1.0
2020-12-31,2020-12-31,2020-12-31,1.7531311223607593,1.717824600382535,-1.986186246595979,0.6791970848561131,0.6992516970986963,1.717824600382535,-0.8609647174328804,0.8717878282727531,-1.754340241462981,1.1512446822056621,1.8348185908546635,1.0,1.0,-1.0,1.0,1.0,1.0,1.0,-1.0,1.0,-1.0,1.0,1.0
2021-01-31,2021-01-31,2021-01-31,1.2270378362996592,1.656432307835099,-1.9638332008701975,0.40088913563139517,1.1399720583375124,1.656432307835099,-0.8802128810656992,0.935010192197978,-0.7245248289404121,2.273953295200725,1.6817896781615875,1.0,1.0,-1.0,1.0,1.0,1.0,1.0,-1.0,1.0,-1.0,1.0,-1.0
2021-02-28,2021-02-28,2021-02-28,0.8657755016250137,0.7479206716195645,-1.4795284605983414,0.46680273683457246,1.1214473229443032,0.7479206716195645,-1.773482315191515,1.0532453926722434,-0.22056287846839567,1.6853402929892218,1.3491412517215489,1.0,1.0,-1.0,1.0,1.0,1.0,1.0,-1.0,1.0,-1.0,1.0,-1.0
2021-03-31,2021-03-31,2021-03-31,0.5465644055347564,-0.19385961749724465,-1.0387375158584866,-1.1531100434625776,1.0922201540853251,-0.19385961749724465,-2.1458393644580953,1.0735064366068614,-0.06127348381419247,0.5260293029973059,1.993715200294645,1.0,-1.0,-1.0,-1.0,1.0,-1.0,1.0,-1.0,1.0,-1.0,1.0,-1.0
2021-04-30,2021-04-30,2021-04-30,0.426774876331426,-0.14436239916222243,-1.0638295326554255,-1.9217279461057948,1.1051049851251515,-0.14436239916222243,-1.676390723323064,1.1283675142240663,-0.6720386163123174,0.38676306476469735,2.0077870786971244,1.0,-1.0,-1.0,-1.0,1.0,-1.0,1.0,-1.0,1.0,-1.0,1.0,1.0
2021-05-31,2021-05-31,2021-05-31,0.36918028589961066,0.5291592795016647,-1.1795282120045263,-0.8684064807310586,1.1490872246350359,0.5291592795016647,-0.6103437119343763,1.1754214022172593,-0.42722603243829843,0.05121156036149859,1.4422577182564884,1.0,1.0,-1.0,-1.0,1.0,1.0,1.0,-1.0,1.0,-1.0,1.0,1.0
2021-06-30,2021-06-30,2021-06-30,-0.3274330702816861,0.5610935952641032,-0.3100685497527892,-0.2546479994628025,1.445240182761448,0.5610935952641032,1.121955967008867,1.3298634205356965,0.8282530985704574,-0.12806056159883658,1.3495161324299683,-1.0,1.0,-1.0,-1.0,1.0,1.0,1.0,1.0,1.0,1.0,-1.0,-1.0
2021-07-31,2021-07-31,2021-07-31,-1.0781309459465551,0.03790364024400499,-0.29076806927388826,-1.0896063899208777,1.2471963516628164,0.03790364024400499,1.3432783948359612,1.30459432970439,0.5368785800095123,0.2954222966156071,1.5116607607199462,-1.0,1.0,-1.0,-1.0,1.0,1.0,1.0,1.0,1.0,1.0,1.0,-1.0
2021-08-31,2021-08-31,2021-08-31,-0.993113263666802,-0.6589852559319029,-0.6460101423405579,-1.941806015383851,0.4592991019838662,-0.6589852559319029,1.2824769679558479,0.6069405529281657,0.5486400332920733,-0.035601452464370346,0.7705754226986596,-1.0,-1.0,-1.0,-1.0,1.0,-1.0,1.0,1.0,1.0,1.0,-1.0,1.0
2021-09-30,2021-09-30,2021-09-30,-0.4552057536014735,-0.0012321974749044424,-0.7246038556714868,-0.6000617256679538,0.8161168474145922,-0.0012321974749044424,-0.027766496466858033,0.9484360887294396,0.3415814325115634,1.005638712620949,-0.019566603294069798,-1.0,-1.0,-1.0,-1.0,1.0,-1.0,-1.0,-1.0,1.0,1.0,1.0,1.0
2021-10-31,2021-10-31,2021-10-31,-0.5023294078473812,0.3337702482154989,-0.543484818054934,-0.04524683171251557,0.9033340875681732,0.3337702482154989,-0.2676760944984361,0.9808604262421892,0.8986821158970776,-0.10443752306678045,0.01079294026813915,-1.0,1.0,-1.0,-1.0,1.0,1.0,1.0,-1.0,1.0,1.0,-1.0,-1.0
2021-11-30,2021-11-30,2021-11-30,-0.98615345904186,0.35994881659281525,-0.4850993586793443,0.23623373182498691,0.4909422793449272,0.35994881659281525,0.26463046311403726,0.25231890796666084,1.5971497200440632,1.4588490542057548,-0.0628405493651713,-1.0,1.0,-1.0,1.0,1.0,1.0,-1.0,1.0,1.0,1.0,1.0,1.0
2021-12-31,2021-12-31,2021-12-31,-0.5274714312093074,0.3414231211948641,-1.05777569802639,-0.6319874915765802,0.28940578952081303,0.3414231211948641,0.4110664285915257,0.3527374443032223,1.0330970148390592,0.027934487932598496,0.2020054543414754,-1.0,1.0,-1.0,-1.0,1.0,1.0,1.0,1.0,1.0,1.0,1.0,1.0
2022-01-31,2022-01-31,2022-01-31,-0.4940568301222827,0.09623425272256032,-1.2247189889604797,-0.2289881729189056,0.7562031999398217,0.09623425272256032,-0.8952486918873777,0.7434533210057351,1.3601385390371876,1.1309507841399726,-0.50604296223391,-1.0,1.0,-1.0,-1.0,1.0,1.0,-1.0,-1.0,1.0,1.0,1.0,1.0
2022-02-28,2022-02-28,2022-02-28,-0.4938571149266763,0.3105548114383694,-1.3568911770333598,0.1577126188214298,0.9408594827636092,0.3105548114383694,-1.7039094770628185,1.1353351148713438,1.2818310727898141,1.6635229047430786,-0.9243288155740992,-1.0,1.0,-1.0,1.0,1.0,1.0,-1.0,-1.0,1.0,1.0,1.0,1.0
2022-03-31,2022-03-31,2022-03-31,-1.2376029861755524,0.050738502803188645,-1.47585618821101,-1.1909262424983689,0.8106582770689432,0.050738502803188645,-1.859499418129917,1.1162606579945398,1.26577617622578,0.46798839398622943,-0.01890222064385655,-1.0,1.0,-1.0,-1.0,1.0,1.0,-1.0,-1.0,1.0,1.0,1.0,1.0
2022-04-30,2022-04-30,2022-04-30,-1.8864969636774223,-1.948616451395274,-0.4658755574281116,-1.0648475885876085,0.7727805762159662,-1.948616451395274,-2.1066800183127024,0.9553706007438774,1.5992480475881796,1.8803339303143587,-1.0571807750389735,-1.0,-1.0,-1.0,-1.0,1.0,-1.0,-1.0,-1.0,1.0,1.0,1.0,-1.0
2022-05-31,2022-05-31,2022-05-31,-1.657566383242008,-2.241434643780785,0.2393753871430415,-1.1313173946013695,1.3384931368632982,-2.241434643780785,-2.0928205192922262,1.1789347804420334,1.593597741692548,1.1062440712105663,-1.1879192593765937,-1.0,-1.0,1.0,-1.0,1.0,-1.0,-1.0,-1.0,1.0,1.0,1.0,1.0
2022-06-30,2022-06-30,2022-06-30,-1.0955705706096435,-2.195720409978829,-0.017095952462279743,1.555527115652666,1.1432187219598218,-2.195720409978829,-2.311168270365979,1.158404963123809,1.5444741856124287,1.342983283732319,-1.7060016778706424,-1.0,-1.0,-1.0,1.0,1.0,-1.0,-1.0,-1.0,1.0,1.0,1.0,1.0
2022-07-31,2022-07-31,2022-07-31,-1.1688581844104604,-0.7172874224828623,0.9034317567688618,0.6682956221582262,0.6936311583077729,-0.7172874224828623,-0.22656994938969474,0.6278225791047066,1.657945485889336,0.40812242814174793,-1.5495099308326798,-1.0,-1.0,1.0,1.0,1.0,-1.0,-1.0,-1.0,1.0,1.0,1.0,-1.0
2022-08-31,2022-08-31,2022-08-31,-1.4665777872729189,-1.2363182300296072,1.3761677791435007,0.3203934992232063,0.5318937042344581,-1.2363182300296072,-0.636710080831108,0.18258032685024983,2.1988824078625284,0.9823547306941578,-1.4588278437598468,-1.0,-1.0,1.0,1.0,1.0,-1.0,-1.0,-1.0,1.0,1.0,1.0,-1.0
2022-09-30,2022-09-30,2022-09-30,-1.3841081149158556,-2.0291883329595404,1.8201966134287304,-1.7645234725885683,0.0830895987976319,-2.0291883329595404,-1.8115925347488404,-0.44267788483036086,2.126251993305042,1.5762700146723834,-1.555665630765243,-1.0,-1.0,1.0,-1.0,1.0,-1.0,-1.0,-1.0,-1.0,1.0,1.0,1.0
2022-10-31,2022-10-31,2022-10-31,-1.4205891025202468,-2.1379087091826774,1.577129831384631,-1.7143007823095053,0.2129436875507522,-2.1379087091826774,-2.2843483573566647,-0.2794553942685052,1.7864998309256017,0.909947390068046,-0.9962191237736109,-1.0,-1.0,1.0,-1.0,1.0,-1.0,-1.0,-1.0,-1.0,1.0,1.0,1.0
2022-11-30,2022-11-30,2022-11-30,-0.5663686530663814,-1.2588652082807064,1.3701552561728307,-0.647144397993658,-0.4083186636744286,-1.2588652082807064,-1.2204291114996304,-0.6279581291914232,0.7448698894599434,0.12477012151199238,-0.6071394322612036,-1.0,-1.0,1.0,-1.0,-1.0,-1.0,-1.0,-1.0,-1.0,1.0,1.0,1.0
2022-12-31,2022-12-31,2022-12-31,-1.1906595574066783,0.9194237251417368,1.1774852298457024,0.01750092393054229,-0.35237743638512004,0.9194237251417368,-0.3102099937115415,-0.4313871042273384,-0.6142541244082883,0.27090660321711363,-0.08504042013924784,-1.0,1.0,1.0,1.0,-1.0,1.0,-1.0,-1.0,-1.0,-1.0,1.0,1.0
2023-01-31,2023-01-31,2023-01-31,0.10394460361980018,1.5431883962796684,0.327118144633969,1.8293553059559768,-0.5092378678105107,1.5431883962796684,1.6964540925710228,-0.36425989204483683,-1.2832584244603855,-0.14113550069922448,-0.03702781998445204,1.0,1.0,1.0,1.0,-1.0,1.0,-1.0,1.0,-1.0,-1.0,-1.0,-1.0
2023-02-28,2023-02-28,2023-02-28,0.019457159969983776,1.1618667138719005,0.5663857134809301,1.0239762604395468,-0.33087265028287466,1.1618667138719005,-0.1174128653632525,-0.24705088354538726,-1.2517518034756328,0.08794396461021904,0.1194079549699115,1.0,1.0,1.0,1.0,-1.0,1.0,1.0,-1.0,-1.0,-1.0,1.0,-1.0
2023-03-31,2023-03-31,2023-03-31,0.6947553075564824,0.5799724202504496,0.20249966678033282,0.06290143497896898,-0.3260966048328016,0.5799724202504496,0.9683510474132906,0.07339623615684687,-1.9133127097919402,-0.2707560557847046,0.6806350088043222,1.0,1.0,1.0,1.0,-1.0,1.0,1.0,1.0,1.0,-1.0,-1.0,1.0
2023-04-30,2023-04-30,2023-04-30,1.3277939374381647,-0.7217796487007838,-0.21493732207032473,-0.7015336798065389,-0.5833862337568084,-0.7217796487007838,-0.11032897994224866,-0.14332741852241937,-1.9837443290354644,-0.8755611991098702,0.004895080791166073,1.0,-1.0,-1.0,-1.0,-1.0,-1.0,1.0,-1.0,-1.0,-1.0,-1.0,1.0
2023-05-31,2023-05-31,2023-05-31,-0.2663636144747996,-0.7086170850076587,-0.09757046252159854,-1.2649801076787919,-0.5488223401176759,-0.7086170850076587,0.1781740204358997,-0.4007796203355648,-0.6446690741125465,-0.429661564235462,-0.5360535425089622,-1.0,-1.0,-1.0,-1.0,-1.0,-1.0,-1.0,1.0,-1.0,-1.0,-1.0,1.0
2023-06-30,2023-06-30,2023-06-30,-0.275833654566684,-1.7276051963206893,0.7654873387532649,-1.5912411614676418,-0.25982324341179214,-1.7276051963206893,-0.5034559715599173,-0.23544843652833486,-0.3925128772826712,-1.4003999686700652,0.44388282785206845,-1.0,-1.0,1.0,-1.0,-1.0,-1.0,1.0,-1.0,-1.0,-1.0,-1.0,1.0
2023-07-31,2023-07-31,2023-07-31,-0.5674348724493941,-0.7817766311585583,0.8126128981817545,-0.9713794772053054,0.255061325247202,-0.7817766311585583,-0.9224483385122961,0.2365674755320765,-0.2821836999141275,-1.4010820724811468,0.23644968389854537,-1.0,-1.0,1.0,-1.0,1.0,-1.0,1.0,-1.0,1.0,-1.0,-1.0,1.0
2023-08-31,2023-08-31,2023-08-31,-0.7234134955522189,-0.5921737611345658,0.7852104820947023,-0.7255685819289432,0.3047304205676422,-0.5921737611345658,-0.9358942759789285,0.4145976521046241,-0.5025099423647271,-1.426941171691185,0.04691420906918947,-1.0,-1.0,1.0,-1.0,1.0,-1.0,1.0,-1.0,1.0,-1.0,-1.0,1.0
2023-09-30,2023-09-30,2023-09-30,-0.8795975744422257,-0.12998103807006103,0.8655115868917577,0.3071928330624853,0.8854810655194223,-0.12998103807006103,-2.0860297852091896,0.6783975042195939,0.7035225859171852,-0.547405191953487,-0.10297846704140798,-1.0,-1.0,1.0,1.0,1.0,-1.0,-1.0,-1.0,1.0,1.0,-1.0,-1.0
2023-10-31,2023-10-31,2023-10-31,-1.1397623184475985,-0.9510748689341361,0.8150821514017295,-0.3438888311433226,0.4613682654773247,-0.9510748689341361,-2.230461735120012,0.39197907581351155,1.0386402035617637,-0.4098666040255805,-0.38163264621191395,-1.0,-1.0,1.0,-1.0,1.0,-1.0,-1.0,-1.0,1.0,1.0,-1.0,-1.0
2023-11-30,2023-11-30,2023-11-30,-0.5734476209475581,0.9543837424976018,0.25621938654446436,-0.6157496128521663,0.4523662968273667,0.9543837424976018,-0.6478668357081023,0.4968881545109406,-0.374661635171371,-1.5269561619603662,0.3589749871328916,-1.0,1.0,1.0,-1.0,1.0,1.0,1.0,-1.0,1.0,-1.0,-1.0,1.0
2023-12-31,2023-12-31,2023-12-31,-0.6915516687871721,0.9976217131284865,0.21052318938501893,-1.5672673713758087,0.06618981717789393,0.9976217131284865,1.5907621158409608,0.1710667394206302,-0.5547918517116224,-1.4976041400254858,0.06338321874614045,-1.0,1.0,1.0,-1.0,1.0,1.0,1.0,1.0,1.0,-1.0,-1.0,-1.0
2024-01-31,2024-01-31,2024-01-31,-1.5480177602720555,1.1275760923575953,0.787523429970264,-1.6301076701018853,-0.06163870909492322,1.1275760923575953,1.6187787512830922,-0.08696590865899012,0.19364566837583252,-1.1599841394692818,-0.14023825715623195,-1.0,1.0,1.0,-1.0,-1.0,1.0,-1.0,1.0,-1.0,1.0,-1.0,1.0
2024-02-29,2024-02-29,2024-02-29,-0.5195453505834761,-0.47642627507242985,0.18161398813402352,-0.9421145835438052,-0.09780615694757615,-0.47642627507242985,0.44995898377951915,-0.07070282747141922,-0.023272054945724457,-1.3852607943898565,0.3810564716137214,-1.0,-1.0,1.0,-1.0,-1.0,-1.0,1.0,1.0,-1.0,-1.0,-1.0,1.0
2024-03-31,2024-03-31,2024-03-31,-0.3728098014870568,-0.4345541085610687,0.49940484707091554,-0.6088986137158796,-0.48356416642679,-0.4345541085610687,-0.5388639578577664,-0.09301708197684352,-0.5345052972284347,-1.4790194692162286,0.5647670449411814,-1.0,-1.0,1.0,-1.0,-1.0,-1.0,1.0,-1.0,-1.0,-1.0,-1.0,1.0
2024-04-30,2024-04-30,2024-04-30,0.13803030016583095,-0.5875451647085315,0.08034812927886623,1.1989569261278952,-0.16776213050032668,-0.5875451647085315,-1.0948288082811672,0.12637476799755937,-0.24306349867129204,-0.8572675466395316,1.0743607043619954,1.0,-1.0,1.0,1.0,-1.0,-1.0,1.0,-1.0,1.0,-1.0,-1.0,1.0
2024-05-31,2024-05-31,2024-05-31,0.0924649659748621,-0.06171788316989186,0.6020794603573615,0.15728800743578253,-0.08254744724024103,-0.06171788316989186,-0.3924999202461099,0.1906174257314556,0.14791844934788856,-1.4820172088283028,0.7279932800429583,1.0,-1.0,1.0,1.0,-1.0,-1.0,1.0,-1.0,1.0,1.0,-1.0,-1.0
2024-06-30,2024-06-30,2024-06-30,-0.028116042093420304,-0.11084384853615525,0.5170546083208757,-0.2842240833910269,0.2776745164983769,-0.11084384853615525,-0.23633760061399237,0.5515105544058218,0.9560809258577446,-1.461312205500481,0.4851642336860541,-1.0,-1.0,1.0,-1.0,1.0,-1.0,1.0,-1.0,1.0,1.0,-1.0,1.0
2024-07-31,2024-07-31,2024-07-31,0.6886855208055798,0.2175845403423999,0.3619224143098069,-0.9664778887367276,-0.1466895280194451,0.2175845403423999,1.1499215325110654,0.2777670011159787,0.0554566942432567,-0.6522669044776924,0.09862261947387663,1.0,1.0,1.0,-1.0,-1.0,1.0,1.0,1.0,1.0,1.0,-1.0,1.0
2024-08-31,2024-08-31,2024-08-31,-0.07131202789991375,0.7677663737452879,0.3850742243588379,-0.7299253264106901,-0.4133174585463447,0.7677663737452879,1.0643644547622961,0.025502961191076944,-0.7342899664376012,-0.9287520383594553,-0.15826909465788058,-1.0,1.0,1.0,-1.0,-1.0,1.0,-1.0,1.0,1.0,-1.0,-1.0,1.0
2024-09-30,2024-09-30,2024-09-30,1.3664543461047771,1.2886518029084477,-0.05698382218505705,1.7515592444718056,-0.6864629420854275,1.2886518029084477,1.0919935792273416,-0.3921445583516452,-1.028150410528219,-0.5606658807686933,-0.02659329694181614,1.0,1.0,-1.0,1.0,-1.0,1.0,-1.0,1.0,-1.0,-1.0,-1.0,1.0
2024-10-31,2024-10-31,2024-10-31,0.8538338456579833,0.5217522397377374,0.4901954064212631,1.5018800984807044,-0.5901594879128019,0.5217522397377374,-0.14122227718560854,-0.24304626274483968,-0.6285587853886618,0.5192019627741808,-0.3483000642403262,1.0,1.0,1.0,1.0,-1.0,1.0,-1.0,-1.0,-1.0,-1.0,1.0,-1.0
2024-11-30,2024-11-30,2024-11-30,0.8811856902806954,-0.7288030631083802,0.8386707050778711,1.2168416618689275,-0.37627676516365804,-0.7288030631083802,-0.14990060287621895,-0.1550897509862102,0.16184444186589583,-1.3481743822799819,-0.3116176891260895,1.0,-1.0,1.0,1.0,-1.0,-1.0,-1.0,-1.0,-1.0,1.0,-1.0,-1.0
2024-12-31,2024-12-31,2024-12-31,0.9749885790878638,-1.3581773238917856,0.5646978694984527,-0.584470966125256,-0.355367965342064,-1.3581773238917856,-1.3062406549153633,-0.17525727349875628,0.5108346758139007,-0.5011619286818512,-0.6300100398438655,1.0,-1.0,1.0,-1.0,-1.0,-1.0,-1.0,-1.0,-1.0,1.0,-1.0,1.0
2025-01-31,2025-01-31,2025-01-31,0.7054749820114181,-0.26069110026118353,0.7861828964572202,-0.7184985278778345,-0.24107422019738634,-0.26069110026118353,-0.44539402301770165,-0.003944264603450781,0.880067893242948,-0.6816599849742566,-0.234511988922577,1.0,-1.0,1.0,-1.0,-1.0,-1.0,-1.0,-1.0,-1.0,1.0,-1.0,1.0
2025-02-28,2025-02-28,2025-02-28,0.9866307047954159,-0.13090244570989065,1.2023090621114936,0.36155179563471,-0.2160056583158976,-0.13090244570989065,0.07922111174043177,0.011251856815360173,1.2444754056089695,-0.04748312514743803,-0.15456562177265565,1.0,-1.0,1.0,1.0,-1.0,-1.0,-1.0,1.0,1.0,1.0,-1.0,1.0
2025-03-31,2025-03-31,2025-03-31,-0.4554828929051367,0.2756205798319438,1.2488230841192272,0.9421398285484947,-0.10136827740513177,0.2756205798319438,0.874136021674905,0.2697794709904157,0.6593719122759623,0.40677906160581084,-0.6978045671022537,-1.0,1.0,1.0,1.0,-1.0,1.0,-1.0,1.0,1.0,1.0,1.0,1.0
2025-04-30,2025-04-30,2025-04-30,-0.36064661763567335,-0.3853499794988387,1.153176387846348,1.2338555316380964,-0.8374961149645066,-0.3853499794988387,0.6450569194253347,-0.5532192342642213,-1.21399226638664,0.7863302158567667,-0.987042334836332,-1.0,-1.0,1.0,1.0,-1.0,-1.0,-1.0,1.0,-1.0,-1.0,1.0,-1.0
2025-05-31,2025-05-31,2025-05-31,-0.1677938922634591,0.4578334056010256,0.38214793018218796,0.37956305694129905,-0.7481192423670441,0.4578334056010256,-0.6248880373861658,-0.3443885465314284,-1.595008748561842,-0.20769823153727432,-0.8134560784354112,-1.0,1.0,1.0,1.0,-1.0,1.0,-1.0,-1.0,-1.0,-1.0,-1.0,-1.0
2025-06-30,2025-06-30,2025-06-30,0.2960709749622879,0.5104272266216645,0.4782943879913659,-0.31696314031217443,-0.8146887653478495,0.5104272266216645,-0.0520049130234419,-0.3299874584936203,-1.9141763296162184,-0.5576570712606833,-0.0699408166752297,1.0,1.0,1.0,-1.0,-1.0,1.0,-1.0,-1.0,-1.0,-1.0,-1.0,1.0
2025-07-31,2025-07-31,2025-07-31,0.67879859079249,0.393388710197399,0.4610764732054964,0.016799517269195496,-0.566245072202219,0.393388710197399,-0.007271427857735665,-0.2407139694811686,-1.8588472988355733,-0.5384720918548578,-0.6203980124562627,1.0,1.0,1.0,1.0,-1.0,1.0,-1.0,-1.0,-1.0,-1.0,-1.0,-1.0
2025-08-31,2025-08-31,2025-08-31,1.4129621019391403,0.43510951177043283,0.07867428817190222,1.6072700582724129,-1.009451307668376,0.43510951177043283,0.4757751766966154,-0.5559864782276898,-2.0309795260973305,-0.8218677479104474,-0.6289594274904853,1.0,1.0,1.0,1.0,-1.0,1.0,-1.0,1.0,-1.0,-1.0,-1.0,-1.0
2025-09-30,2025-09-30,2025-09-30,1.6611593106493767,0.31472221301414804,0.3744798760636345,1.6088124240034294,-1.3238577179945366,0.31472221301414804,0.605407932497678,-0.8471518408467162,-1.4449013186549564,-0.5821433805238575,-0.06785041751359833,1.0,1.0,1.0,1.0,-1.0,1.0,-1.0,1.0,-1.0,-1.0,-1.0,1.0
2025-10-31,2025-10-31,2025-10-31,1.6866168611283343,0.5847382009716426,0.20558447597876753,1.2648714894456177,-0.38364122275967794,0.5847382009716426,0.9478990734519304,0.30618845643816256,0.013355578657915753,-0.2952525082212865,0.526341288053332,1.0,1.0,1.0,1.0,-1.0,1.0,1.0,1.0,1.0,1.0,-1.0,-1.0
2025-11-30,2025-11-30,2025-11-30,1.6684052446860569,0.4251677893885117,0.3493889074425813,0.0010886570462122047,-0.9544118025811426,0.4251677893885117,0.9780744121428011,-0.16453354407293808,-0.05833865673554818,-0.5309373391882652,0.015008362037988443,1.0,1.0,1.0,1.0,-1.0,1.0,1.0,1.0,-1.0,-1.0,-1.0,1.0
2025-12-31,2025-12-31,2025-12-31,1.6133283362915167,0.8376384461558557,-0.07218690428463764,0.39911044559111253,-1.319846128306221,0.8376384461558557,0.062064041448454406,-0.8568125789066559,0.21184824265969665,-0.8506925292821779,-0.2978556061089428,1.0,1.0,-1.0,1.0,-1.0,1.0,-1.0,1.0,-1.0,1.0,-1.0,1.0
2026-01-31,2026-01-31,2026-01-31,1.525302066917084,1.0914053532358867,-0.451130472172901,0.6884305977351644,-1.3204259317052842,1.0914053532358867,-0.13583472783589332,-0.48893065487552273,-0.8432899403779347,-0.22041331064858283,0.04514216042324627,1.0,1.0,-1.0,1.0,-1.0,1.0,1.0,-1.0,-1.0,-1.0,-1.0,1.0
2026-02-28,2026-02-28,2026-02-28,0.7631327470916821,1.3835955666045114,-0.7648137194128292,1.173753364843818,-1.4116473178656623,1.3835955666045114,0.47120132540884907,0.11326787306507344,-0.16611136940471832,0.33791620448732435,-0.34725224120114995,1.0,1.0,-1.0,1.0,-1.0,1.0,-1.0,1.0,1.0,-1.0,1.0,-1.0
2026-03-31,2026-03-31,2026-03-31,0.17950834585667166,0.7209114514327959,-1.3074776914843502,0.8777333965680749,1.635337456219558,0.7209114514327959,0.21596836015075746,2.148794405304854,0.37818400795114093,1.2991864850281893,-0.4885110420921171,1.0,1.0,-1.0,1.0,1.0,1.0,-1.0,1.0,1.0,1.0,1.0,-1.0
2026-04-30,2026-04-30,2026-04-30,0.8063272362364918,0.8165904252300643,-1.4950797355038783,0.5786500482635993,1.8481542176964147,0.8165904252300643,0.0785413176187022,2.0849214225244834,-0.551819441589229,-0.34163282446827814,0.22651755691980202,1.0,1.0,-1.0,1.0,1.0,1.0,1.0,1.0,1.0,-1.0,-1.0,-1.0
2026-05-31,2026-05-31,2026-05-31,1.0588052875254916,0.5575389883835177,-1.931950168367543,-0.1300745419177521,2.138641537547399,0.5575389883835177,-0.5235734818776078,2.7027629187490896,-0.2808559391342499,-0.7324314061481625,0.9900918009913084,1.0,1.0,-1.0,-1.0,1.0,1.0,1.0,-1.0,1.0,-1.0,-1.0,1.0
2026-06-30,2026-06-30,2026-06-30,0.9382257117218672,0.7059462909024431,-1.3891340496981364,0.12420011044929047,2.1788856026679038,0.7059462909024431,0.32456411223750864,1.9967929303067173,0.5340338524573491,-0.4452875333885538,1.0015800271634085,1.0,1.0,-1.0,1.0,1.0,1.0,1.0,1.0,1.0,1.0,-1.0,-1.0
2026-07-31,2026-07-31,2026-07-31,0.2268829897717031,0.537594108466955,-1.5068950292328822,-0.4457514673532299,2.2145873248128223,0.537594108466955,-0.2267050257412158,2.2451748610730218,0.5142608065525704,-0.550780826576009,1.0014436481629514,1.0,1.0,-1.0,-1.0,1.0,1.0,1.0,-1.0,1.0,1.0,-1.0,-1.0
2026-08-31,2026-08-31,2026-08-31,0.09089552334960704,0.33778181060318246,-1.294091788780322,-0.3566823501952629,2.1825191117247646,0.33778181060318246,-0.16381492426533567,2.150936414015264,0.2778081894584699,-0.8227975515961083,1.4115291502299514,1.0,1.0,-1.0,-1.0,1.0,1.0,1.0,-1.0,1.0,1.0,-1.0,1.0
